Kenzie, F,
Meghan, F,
Roberto, M,
Ryleigh, F,
Gillian, M,
Morgan, F,
Reyna, F,
Noemi, F,
Demetrius, M,
Alden, None,
Marely, F,
Remington, None,
Isaac, M,
Carmen, F,
German, M,
Aron, M,
Ryker, M,
Katelynn, F,
Annabella, F,
Jacey, F,
Chaz, M,
Payton, F,
Maximillian, M,
Santiago, M,
Colton, M,
Israel, M,
London, M,
Dangelo, F,
Cohen, M,
Sherlyn, F,
Myles, M,
Jayla, F,
Deja, M,
Jayda, F,
Miracle, F,
Cassandra, F,
Ali, F,
Roderick, M,
Todd, M,
Chad, M,
Blake, None,
Virginia, F,
Carl, M,
Araceli, F,
Frankie
Ella, F,
Jude, F,
Lindsey, F,
Phoebe, F,
Laura, F,
Yair, M,
Lillian, F,
Jaylon, None,
Dorian, F,
Lillie, F,
Keegan, None,
Amani, M,
Alanna, F,
Gabrielle, F,
Nikhil, M,
Neveah, None,
Eileen, F,
Ben, M,
Aryanna, F,
Moses, M,
Arianna, F,
Derrick, M,
Taryn, M,
Adelaide, F,
Clarissa, F,
Andreas, F,
Kaila, F,
Janelle, F,
Kody, M,
Adeline, F,
Johan, M,
Logan, None,
Adalyn, F,
Jazmyn, F,
Alonzo, M,
Shayna, F,
Ayla, M,
Jimena, F,
Justin, M,
Colten, M,
Chaim, M,
Rayan, None,
Sanai, None,
Camilla, F,
Malik, M,
Emmy, F,
Lamar, M,
Isaias, None,
Hannah, F,
Jasiah, M,
James, M,
Xander, M,
Bella, F,
Layne, F,
Cruz, M,
