0, Kenzie, F,
1, Meghan, F,
2, Roberto, M,
3, Ryleigh, F,
4, Gillian, M,
5, Morgan, F,
6, Reyna, F,
7, Noemi, F,
8, Demetrius, M,
9, Alden, None,
10, Marely, F,
11, Remington, None,
12, Isaac, M,
13, Carmen, F,
14, German, M,
15, Aron, M,
16, Ryker, M,
17, Katelynn, F,
18, Annabella, F,
19, Jacey, F,
20, Chaz, M,
21, Payton, F,
22, Maximillian, M,
23, Santiago, M,
24, Colton, M,
25, Israel, M,
26, London, M,
27, Dangelo, F,
28, Cohen, M,
29, Sherlyn, F,
30, Myles, M,
31, Jayla, F,
32, Deja, M,
33, Jayda, F,
34, Miracle, F,
35, Cassandra, F,
36, Ali, F,
37, Roderick, M,
38, Todd, M,
39, Chad, M,
40, Blake, None,
41, Virginia, F,
42, Carl, M,
43, Araceli, F,
44, Frankie
45, Ella, F,
46, Jude, F,
47, Lindsey, F,
48, Phoebe, F,
49, Laura, F,
50, Yair, M,
51, Lillian, F,
52, Jaylon, None,
53, Dorian, F,
54, Lillie, F,
55, Keegan, None,
56, Amani, M,
57, Alanna, F,
58, Gabrielle, F,
59, Nikhil, M,
60, Neveah, None,
61, Eileen, F,
62, Ben, M,
63, Aryanna, F,
64, Moses, M,
65, Arianna, F,
66, Derrick, M,
67, Taryn, M,
68, Adelaide, F,
69, Clarissa, F,
70, Andreas, F,
71, Kaila, F,
72, Janelle, F,
73, Kody, M,
74, Adeline, F,
75, Johan, M,
76, Logan, None,
77, Adalyn, F,
78, Jazmyn, F,
79, Alonzo, M,
80, Shayna, F,
81, Ayla, M,
82, Jimena, F,
83, Justin, M,
84, Colten, M,
85, Chaim, M,
86, Rayan, None,
87, Sanai, None,
88, Camilla, F,
89, Malik, M,
90, Emmy, F,
91, Lamar, M,
92, Isaias, None,
93, Hannah, F,
94, Jasiah, M,
95, James, M,
96, Xander, M,
97, Bella, F,
98, Layne, F,
99, Cruz, M,
-1, No Name, None, None, {'name': '', 'picture': ''}, [], []
